AÑO,ID_INSTITUCION,NOMBRE_INSTITUCION,ID_PROGRAMA_ACAD,NOMBRE_PROGRAMA_ACAD,NOMBRE_PRUEBA,NBC,NOMBRE_DEPARTAMENTO,PROMEDIO_GLOBAL,predicho,error_absoluto,error_relativo
2024,9002,UNIVERSIDAD MANUELA BELTRAN-UMB-,742,LICENCIATURA EN EDUCACION BASICA CON ENFASIS EN TECNOLOGIA E INFORMATICA,LECTURA CRÍTICA,EDUCACIÓN,BOGOTÁ,31.0,148.44791056908113,117.44791056908113,3.788642276421972
2024,9002,UNIVERSIDAD MANUELA BELTRAN-UMB-,742,LICENCIATURA EN EDUCACION BASICA CON ENFASIS EN TECNOLOGIA E INFORMATICA,INGLÉS,EDUCACIÓN,BOGOTÁ,31.0,148.44791056908113,117.44791056908113,3.788642276421972
2024,9002,UNIVERSIDAD MANUELA BELTRAN-UMB-,742,LICENCIATURA EN EDUCACION BASICA CON ENFASIS EN TECNOLOGIA E INFORMATICA,RAZONAMIENTO CUANTITATIVO,EDUCACIÓN,BOGOTÁ,31.0,147.9997603571858,116.9997603571858,3.7741858179737355
2024,9002,UNIVERSIDAD MANUELA BELTRAN-UMB-,742,LICENCIATURA EN EDUCACION BASICA CON ENFASIS EN TECNOLOGIA E INFORMATICA,COMUNICACIÓN ESCRITA,EDUCACIÓN,BOGOTÁ,31.0,147.66466344663286,116.66466344663286,3.763376240213963
2024,9002,UNIVERSIDAD MANUELA BELTRAN-UMB-,742,LICENCIATURA EN EDUCACION BASICA CON ENFASIS EN TECNOLOGIA E INFORMATICA,COMPETENCIAS CIUDADANAS,EDUCACIÓN,BOGOTÁ,31.0,145.0545596290476,114.05455962904759,3.679179342872503
2024,8991,UNIVERSIDAD DE LOS ANDES,27925,ESTUDIOS GLOBALES,RAZONAMIENTO CUANTITATIVO,SIN CLASIFICAR,BOGOTÁ,221.0,136.36519797678295,84.63480202321705,0.3829629050824301
2024,8991,UNIVERSIDAD DE LOS ANDES,27925,ESTUDIOS GLOBALES,COMPETENCIAS CIUDADANAS,SIN CLASIFICAR,BOGOTÁ,221.0,136.36519797678295,84.63480202321705,0.3829629050824301
2024,8991,UNIVERSIDAD DE LOS ANDES,27925,ESTUDIOS GLOBALES,INGLÉS,SIN CLASIFICAR,BOGOTÁ,221.0,136.36519797678295,84.63480202321705,0.3829629050824301
2024,8991,UNIVERSIDAD DE LOS ANDES,27925,ESTUDIOS GLOBALES,COMUNICACIÓN ESCRITA,SIN CLASIFICAR,BOGOTÁ,221.0,136.36519797678295,84.63480202321705,0.3829629050824301
2024,8991,UNIVERSIDAD DE LOS ANDES,27925,ESTUDIOS GLOBALES,LECTURA CRÍTICA,SIN CLASIFICAR,BOGOTÁ,221.0,136.36519797678295,84.63480202321705,0.3829629050824301
2024,8897,UNIVERSIDAD EIA,25348,INGENIERÍA BIOTECNOLÓGICA,RAZONAMIENTO CUANTITATIVO,INGENIERÍA QUÍMICA Y AFINES,ANTIOQUIA,238.0,153.52992120149713,84.47007879850287,0.35491629747270115
2024,8897,UNIVERSIDAD EIA,25348,INGENIERÍA BIOTECNOLÓGICA,COMUNICACIÓN ESCRITA,INGENIERÍA QUÍMICA Y AFINES,ANTIOQUIA,238.0,153.52992120149713,84.47007879850287,0.35491629747270115
2024,8897,UNIVERSIDAD EIA,25348,INGENIERÍA BIOTECNOLÓGICA,LECTURA CRÍTICA,INGENIERÍA QUÍMICA Y AFINES,ANTIOQUIA,238.0,153.52992120149713,84.47007879850287,0.35491629747270115
2024,8897,UNIVERSIDAD EIA,25348,INGENIERÍA BIOTECNOLÓGICA,INGLÉS,INGENIERÍA QUÍMICA Y AFINES,ANTIOQUIA,238.0,153.52992120149713,84.47007879850287,0.35491629747270115
2024,8897,UNIVERSIDAD EIA,25348,INGENIERÍA BIOTECNOLÓGICA,COMPETENCIAS CIUDADANAS,INGENIERÍA QUÍMICA Y AFINES,ANTIOQUIA,238.0,153.52992120149713,84.47007879850287,0.35491629747270115
2024,8897,UNIVERSIDAD EIA,25348,INGENIERÍA BIOTECNOLÓGICA,FORMULACIÓN DE PROYECTOS DE INGENIERÍA,INGENIERÍA QUÍMICA Y AFINES,ANTIOQUIA,238.0,156.49723084290608,81.50276915709392,0.342448609903756
2024,8897,UNIVERSIDAD EIA,25348,INGENIERÍA BIOTECNOLÓGICA,PENSAMIENTO CIENTÍFICO - QUÍMICA,INGENIERÍA QUÍMICA Y AFINES,ANTIOQUIA,238.0,156.68908186140325,81.31091813859675,0.3416425131873813
2024,9106,UNIVERSIDAD DEL CAUCA,7240,DERECHO,LECTURA CRÍTICA,DERECHO Y AFINES,CAUCA,80.0,154.5073377967354,74.50733779673541,0.9313417224591927
2024,9106,UNIVERSIDAD DEL CAUCA,7240,DERECHO,COMPETENCIAS CIUDADANAS,DERECHO Y AFINES,CAUCA,80.0,152.83728118891764,72.83728118891764,0.9104660148614705
2024,9106,UNIVERSIDAD DEL CAUCA,7240,DERECHO,RAZONAMIENTO CUANTITATIVO,DERECHO Y AFINES,CAUCA,80.0,151.9377898428522,71.9377898428522,0.8992223730356524
