grupo,modelo,RMSE,MAE,n
SIN CLASIFICAR,Ridge,17.6352,12.4792,720
ARTES REPRESENTATIVAS,Ridge,17.0508,9.6989,80
"GEOGRAFÍA, HISTORIA",Ridge,15.0645,9.8994,166
INGENIERÍA QUÍMICA Y AFINES,Ridge,15.0144,7.7219,308
OTRAS INGENIERÍAS,Ridge,12.9397,8.5995,185
"FILOSOFÍA, TEOLOGÍA Y AFINES",Ridge,12.8428,9.8822,220
EDUCACIÓN,Ridge,12.6962,9.1159,3899
"INGENIERÍA AGROINDUSTRIAL, ALIMENTOS Y AFINES",Ridge,12.6889,8.9288,353
"INGENIERÍA AGRÍCOLA, FORESTAL Y AFINES",Ridge,12.4186,8.5809,150
AGRONOMÍA,Ridge,12.2232,8.9076,74
"MATEMÁTICAS, ESTADÍSTICA Y AFINES",Ridge,11.2992,8.3776,243
SALUD PUBLICA,Ridge,11.191,8.9193,110
"BIBLIOTECOLOGÍA, OTROS DE CIENCIAS SOCIALES Y HUMANAS",Ridge,10.9623,9.325,50
"SOCIOLOGÍA, TRABAJO SOCIAL Y AFINES",Ridge,10.7826,7.1913,558
"INGENIERÍA AGRONÓMICA, PECUARIA Y AFINES",Ridge,10.602,8.6857,200
"INGENIERÍA AMBIENTAL, SANITARIA Y AFINES",Ridge,10.5081,7.3333,629
"INGENIERÍA ELECTRÓNICA, TELECOMUNICACIONES Y AFINES",Ridge,10.3451,7.9183,839
"INGENIERÍA DE SISTEMAS, TELEMÁTICA Y AFINES",Ridge,10.1557,7.7854,1688
INGENIERÍA INDUSTRIAL Y AFINES,Ridge,9.9893,6.6496,1205
ADMINISTRACIÓN,Ridge,9.9578,7.4548,4383
CONTADURÍA PUBLICA,Ridge,9.9457,7.6635,1559
MÚSICA,Ridge,9.7367,7.5554,175
DERECHO Y AFINES,Ridge,9.4337,6.2329,1448
INSTRUMENTACIÓN QUIRÚRGICA,Ridge,9.0125,7.5959,98
"OPTOMETRÍA, OTROS PROGRAMAS DE CIENCIAS DE LA SALUD",Ridge,8.9938,8.1885,64
"COMUNICACIÓN SOCIAL, PERIODISMO Y AFINES",Ridge,8.6658,5.8644,674
INGENIERÍA MECÁNICA Y AFINES,Ridge,8.5431,6.2876,601
DISEÑO,Ridge,8.4573,6.4194,661
ECONOMÍA,Ridge,8.4286,6.5108,747
"INGENIERÍA DE MINAS, METALURGIA Y AFINES",Ridge,8.3471,6.0951,88
OTROS PROGRAMAS ASOCIADOS A BELLAS ARTES,Ridge,7.8828,5.6361,55
INGENIERÍA ELÉCTRICA Y AFINES,Ridge,7.8365,6.3098,235
ENFERMERÍA,Ridge,7.8035,6.2331,518
QUÍMICA Y AFINES,Ridge,7.7958,5.948,191
"BIOLOGÍA, MICROBIOLOGÍA Y AFINES",Ridge,7.7195,5.7078,375
INGENIERÍA BIOMÉDICA Y AFINES,Ridge,7.7085,5.3117,115
MEDICINA VETERINARIA,Ridge,7.6942,5.3452,253
"DEPORTES, EDUCACIÓN FÍSICA Y RECREACIÓN",Ridge,7.572,5.5812,100
PUBLICIDAD Y AFINES,Ridge,7.5288,5.743,200
"ARTES PLÁSTICAS, VISUALES Y AFINES",Ridge,7.4273,5.7528,250
ODONTOLOGÍA,Ridge,7.3654,5.9571,285
PSICOLOGÍA,Ridge,7.3445,5.9417,834
ZOOTECNIA,Ridge,7.313,5.5971,138
"GEOLOGÍA, OTROS PROGRAMAS DE CIENCIAS NATURALES",Ridge,7.1953,5.4276,64
TERAPIAS,Ridge,7.1416,5.668,473
"ANTROPOLOGÍA, ARTES LIBERALES",Ridge,6.9444,5.5708,77
ARQUITECTURA,Ridge,6.6904,5.3988,431
"CIENCIA POLÍTICA, RELACIONES INTERNACIONALES",Ridge,6.5796,5.1086,249
MEDICINA,Ridge,6.3718,4.8694,516
FORMACIÓN RELACIONADA CON EL CAMPO MILITAR O POLICIAL,Ridge,6.0492,4.2489,35
INGENIERÍA CIVIL Y AFINES,Ridge,6.0403,4.9188,630
NUTRICIÓN Y DIETÉTICA,Ridge,5.8479,4.8692,108
BACTERIOLOGÍA,Ridge,5.7547,5.3378,119
FÍSICA,Ridge,5.7251,5.159,90
"LENGUAS MODERNAS, LITERATURA, LINGÜÍSTICA Y AFINES",Ridge,5.6328,4.6664,125
INGENIERÍA ADMINISTRATIVA Y AFINES,Ridge,5.4884,4.618,121
